/*!40101 SET @OLD_CHARACTER_SET_CLIENT=@@CHARACTER_SET_CLIENT */;
/*!40101 SET NAMES utf8 */;
/*!50503 SET NAMES utf8mb4 */;
/*!40103 SET @OLD_TIME_ZONE=@@TIME_ZONE */;
/*!40103 SET TIME_ZONE='+00:00' */;
/*!40014 SET @OLD_FOREIGN_KEY_CHECKS=@@FOREIGN_KEY_CHECKS, FOREIGN_KEY_CHECKS=0 */;
/*!40101 SET @OLD_SQL_MODE=@@SQL_MODE, SQL_MODE='NO_AUTO_VALUE_ON_ZERO' */;
/*!40111 SET @OLD_SQL_NOTES=@@SQL_NOTES, SQL_NOTES=0 */;

CREATE DATABASE IF NOT EXISTS `rawg2` /*!40100 DEFAULT CHARACTER SET utf8mb4 COLLATE utf8mb4_general_ci */;
USE `rawg2`;

CREATE TABLE IF NOT EXISTS `cliente` (
  `id` int(11) NOT NULL AUTO_INCREMENT,
  `nombre` varchar(250) NOT NULL DEFAULT '',
  `apellidos` varchar(250) NOT NULL DEFAULT '',
  `email` varchar(250) NOT NULL DEFAULT '',
  `telefono` varchar(9) NOT NULL DEFAULT '',
  `direccion` varchar(250) NOT NULL DEFAULT '',
  PRIMARY KEY (`id`)
) ENGINE=InnoDB AUTO_INCREMENT=702 DEFAULT CHARSET=utf8mb4 COLLATE=utf8mb4_general_ci;

INSERT INTO `cliente` (`id`, `nombre`, `apellidos`, `email`, `telefono`, `direccion`) VALUES
	(1, 'juan', 'tornillero', 'juanitotornillero@gmail.com', '957121212', 'Cordoba'),
	(3, 'Luis', 'Rodríguez', 'luis.rodriguez@example.com', '234567890', 'Valencia'),
	(4, 'Ana', 'Martínez', 'ana.martinez@example.com', '345678901', 'Sevilla'),
	(5, 'adrian', 'cruz', 'asda', '123123123', 'cordoba'),
	(6, 'Sofia', 'Lopez', 'sofia.lopez@example.com', '567890123', 'Bilbao'),
	(7, 'Carlos', 'Hernández', 'carlos.hernandez@example.com', '678901234', 'Malaga'),
	(8, 'Isabel', 'Sánchez', 'isabel.sanchez@example.com', '789012345', 'Murcia'),
	(9, 'Antonio', 'García', 'antonio.garcia@example.com', '890123456', 'Alicante'),
	(10, 'Elena', 'Martínez', 'elena.martinez@example.com', '901234567', 'Valencia'),
	(11, 'Jorge', 'Pérez', 'jorge.perez@example.com', '112233445', 'Madrid'),
	(12, 'Laura', 'Vázquez', 'laura.vazquez@example.com', '223344556', 'Barcelona'),
	(13, 'Juan', 'Jiménez', 'juan.jimenez@example.com', '334455667', 'Sevilla'),
	(14, 'Ricardo', 'Muñoz', 'ricardo.munoz@example.com', '445566778', 'Zaragoza'),
	(15, 'Cristina', 'Moreno', 'cristina.moreno@example.com', '556677889', 'Bilbao'),
	(16, 'Francisco', 'Ruiz', 'francisco.ruiz@example.com', '667788990', 'Malaga'),
	(17, 'Marta', 'Torres', 'marta.torres@example.com', '778899001', 'Murcia'),
	(18, 'Raúl', 'Sánchez', 'raul.sanchez@example.com', '889900112', 'Alicante'),
	(19, 'José', 'López', 'jose.lopez@example.com', '990011223', 'Valencia'),
	(20, 'Sara', 'García', 'sara.garcia@example.com', '123123123', 'Madrid'),
	(21, 'Andrés', 'González', 'andres.gonzalez@example.com', '234234234', 'Barcelona'),
	(22, 'Verónica', 'Rodríguez', 'veronica.rodriguez@example.com', '345345345', 'Sevilla'),
	(23, 'Álvaro', 'Martínez', 'alvaro.martinez@example.com', '456456456', 'Zaragoza'),
	(24, 'Patricia', 'Lopez', 'patricia.lopez@example.com', '567567567', 'Bilbao'),
	(25, 'Miguel', 'Hernández', 'miguel.hernandez@example.com', '678678678', 'Malaga'),
	(26, 'Carmen', 'Sánchez', 'carmen.sanchez@example.com', '789789789', 'Murcia'),
	(27, 'Tomás', 'García', 'tomas.garcia@example.com', '890890890', 'Alicante'),
	(28, 'Vanessa', 'Martínez', 'vanessa.martinez@example.com', '901901901', 'Valencia'),
	(29, 'David', 'Pérez', 'david.perez@example.com', '112233112', 'Madrid'),
	(30, 'Paula', 'Vázquez', 'paula.vazquez@example.com', '223344223', 'Barcelona'),
	(31, 'Fernando', 'Jiménez', 'fernando.jimenez@example.com', '334455334', 'Sevilla'),
	(32, 'Natalia', 'Muñoz', 'natalia.munoz@example.com', '445566445', 'Zaragoza'),
	(33, 'Luis', 'Moreno', 'luis.moreno@example.com', '556677556', 'Bilbao'),
	(34, 'Ignacio', 'Ruiz', 'ignacio.ruiz@example.com', '667788667', 'Malaga'),
	(35, 'Begoña', 'Torres', 'begona.torres@example.com', '778899778', 'Murcia'),
	(36, 'Óscar', 'Sánchez', 'oscar.sanchez@example.com', '889900889', 'Alicante'),
	(37, 'Ana', 'López', 'ana.lopez@example.com', '990011990', 'Valencia'),
	(38, 'Raúl', 'González', 'raul.gonzalez@example.com', '123456123', 'Madrid'),
	(39, 'Rocío', 'Rodríguez', 'rocio.rodriguez@example.com', '234567234', 'Barcelona'),
	(40, 'Miguel', 'Martínez', 'miguel.martinez@example.com', '345678345', 'Sevilla'),
	(41, 'Paula', 'González', 'paula.gonzalez@example.com', '456789456', 'Zaragoza'),
	(42, 'Carlos', 'Hernández', 'carlos.hernandez@example.com', '567890567', 'Bilbao'),
	(43, 'María', 'Sánchez', 'maria.sanchez@example.com', '678901678', 'Malaga'),
	(44, 'Javier', 'Torres', 'javier.torres@example.com', '789012789', 'Murcia'),
	(45, 'Pedro', 'López', 'pedro.lopez@example.com', '890123890', 'Alicante'),
	(46, 'Cristina', 'Rodríguez', 'cristina.rodriguez@example.com', '901234901', 'Valencia'),
	(47, 'Antonio', 'Pérez', 'antonio.perez@example.com', '112233112', 'Madrid'),
	(48, 'Isabel', 'Vázquez', 'isabel.vazquez@example.com', '223344223', 'Barcelona'),
	(49, 'Eva', 'Jiménez', 'eva.jimenez@example.com', '334455334', 'Sevilla'),
	(50, 'Francisco', 'Muñoz', 'francisco.munoz@example.com', '445566445', 'Zaragoza'),
	(51, 'Marta', 'Moreno', 'marta.moreno@example.com', '556677556', 'Bilbao'),
	(52, 'José', 'Ruiz', 'jose.ruiz@example.com', '667788667', 'Malaga'),
	(53, 'Lucía', 'Torres', 'lucia.torres@example.com', '778899778', 'Murcia'),
	(54, 'Miguel', 'Sánchez', 'miguel.sanchez@example.com', '889900889', 'Alicante'),
	(55, 'Carlos', 'Martínez', 'carlos.martinez@example.com', '990011990', 'Valencia'),
	(56, 'Beatriz', 'Pérez', 'beatriz.perez@example.com', '123456123', 'Madrid'),
	(57, 'Antonio', 'Vázquez', 'antonio.vazquez@example.com', '234567234', 'Barcelona'),
	(58, 'Sandra', 'Jiménez', 'sandra.jimenez@example.com', '345678345', 'Sevilla'),
	(59, 'Pedro', 'Muñoz', 'pedro.munoz@example.com', '456789456', 'Zaragoza'),
	(60, 'María', 'Moreno', 'maria.moreno@example.com', '567890567', 'Bilbao'),
	(61, 'José', 'Ruiz', 'jose.ruiz@example.com', '678901678', 'Malaga'),
	(62, 'Esteban', 'Torres', 'esteban.torres@example.com', '789012789', 'Murcia'),
	(63, 'Lucía', 'Sánchez', 'lucia.sanchez@example.com', '890123890', 'Alicante'),
	(64, 'Sergio', 'Martínez', 'sergio.martinez@example.com', '901234901', 'Valencia'),
	(65, 'Paula', 'Pérez', 'paula.perez@example.com', '112233112', 'Madrid'),
	(66, 'Miguel', 'Vázquez', 'miguel.vazquez@example.com', '223344223', 'Barcelona'),
	(67, 'Rosa', 'Jiménez', 'rosa.jimenez@example.com', '334455334', 'Sevilla'),
	(68, 'Juan', 'Muñoz', 'juan.munoz@example.com', '445566445', 'Zaragoza'),
	(69, 'Patricia', 'Moreno', 'patricia.moreno@example.com', '556677556', 'Bilbao'),
	(70, 'Carlos', 'Ruiz', 'carlos.ruiz@example.com', '667788667', 'Malaga'),
	(71, 'Tania', 'Torres', 'tania.torres@example.com', '778899778', 'Murcia'),
	(72, 'Luis', 'Sánchez', 'luis.sanchez@example.com', '889900889', 'Alicante'),
	(73, 'Mónica', 'Martínez', 'monica.martinez@example.com', '990011990', 'Valencia'),
	(74, 'Antonio', 'Pérez', 'antonio.perez@example.com', '123456123', 'Madrid'),
	(75, 'Natalia', 'Vázquez', 'natalia.vazquez@example.com', '234567234', 'Barcelona'),
	(76, 'Luis', 'Jiménez', 'luis.jimenez@example.com', '345678345', 'Sevilla'),
	(77, 'Cristina', 'Muñoz', 'cristina.munoz@example.com', '456789456', 'Zaragoza'),
	(78, 'Rosa', 'Moreno', 'rosa.moreno@example.com', '567890567', 'Bilbao'),
	(79, 'Miguel', 'Ruiz', 'miguel.ruiz@example.com', '678901678', 'Malaga'),
	(80, 'Ana', 'Torres', 'ana.torres@example.com', '789012789', 'Murcia'),
	(81, 'Juan', 'Sánchez', 'juan.sanchez@example.com', '890123890', 'Alicante'),
	(82, 'Raúl', 'Martínez', 'raul.martinez@example.com', '901234901', 'Valencia'),
	(83, 'Patricia', 'Pérez', 'patricia.perez@example.com', '112233112', 'Madrid'),
	(84, 'José', 'Vázquez', 'jose.vazquez@example.com', '223344223', 'Barcelona'),
	(85, 'Antonio', 'Jiménez', 'antonio.jimenez@example.com', '334455334', 'Sevilla'),
	(86, 'Carlos', 'Muñoz', 'carlos.munoz@example.com', '445566445', 'Zaragoza'),
	(87, 'Marta', 'Moreno', 'marta.moreno@example.com', '556677556', 'Bilbao'),
	(88, 'Luis', 'Ruiz', 'luis.ruiz@example.com', '667788667', 'Malaga'),
	(89, 'Sandra', 'Torres', 'sandra.torres@example.com', '778899778', 'Murcia'),
	(90, 'Cristina', 'Sánchez', 'cristina.sanchez@example.com', '889900889', 'Alicante'),
	(91, 'Fernando', 'Martínez', 'fernando.martinez@example.com', '990011990', 'Valencia'),
	(92, 'Mónica', 'Pérez', 'monica.perez@example.com', '123456123', 'Madrid'),
	(93, 'Santiago', 'Vázquez', 'santiago.vazquez@example.com', '234567234', 'Barcelona'),
	(94, 'Paula', 'Jiménez', 'paula.jimenez@example.com', '345678345', 'Sevilla'),
	(95, 'Antonio', 'Muñoz', 'antonio.munoz@example.com', '456789456', 'Zaragoza'),
	(96, 'Ana', 'Moreno', 'ana.moreno@example.com', '567890567', 'Bilbao'),
	(97, 'Carlos', 'Ruiz', 'carlos.ruiz@example.com', '678901678', 'Malaga'),
	(98, 'Raquel', 'Torres', 'raquel.torres@example.com', '789012789', 'Murcia'),
	(99, 'David', 'Sánchez', 'david.sanchez@example.com', '890123890', 'Alicante'),
	(100, 'Natalia', 'Martínez', 'natalia.martinez@example.com', '901234901', 'Valencia'),
	(101, 'Juan', 'Pérez', 'juan.perez@example.com', '123456789', 'Madrid'),
	(102, 'Pedro', 'Fernández', 'pedro.fernandez@example.com', '456789012', 'Zaragoza');

CREATE TABLE IF NOT EXISTS `detalles_venta` (
  `id` int(11) NOT NULL AUTO_INCREMENT,
  `id_venta` int(11) NOT NULL,
  `id_juego` int(11) NOT NULL,
  `copias` int(11) NOT NULL,
  `precio_inventario` double NOT NULL,
  `id_cliente` int(11) DEFAULT NULL,
  PRIMARY KEY (`id`),
  KEY `FK_detalles_venta_ventas` (`id_venta`),
  KEY `FK_detalles_venta_juegos` (`id_juego`),
  KEY `FK_detalles_venta_cliente` (`id_cliente`),
  CONSTRAINT `FK_detalles_venta_cliente` FOREIGN KEY (`id_cliente`) REFERENCES `cliente` (`id`) ON DELETE CASCADE ON UPDATE CASCADE,
  CONSTRAINT `FK_detalles_venta_juegos` FOREIGN KEY (`id_juego`) REFERENCES `juegos` (`id`) ON DELETE CASCADE ON UPDATE CASCADE,
  CONSTRAINT `FK_detalles_venta_ventas` FOREIGN KEY (`id_venta`) REFERENCES `ventas` (`id`) ON DELETE CASCADE ON UPDATE CASCADE
) ENGINE=InnoDB AUTO_INCREMENT=141 DEFAULT CHARSET=utf8mb4 COLLATE=utf8mb4_general_ci;

INSERT INTO `detalles_venta` (`id`, `id_venta`, `id_juego`, `copias`, `precio_inventario`, `id_cliente`) VALUES
	(1, 0, 7, 4, 78.99, 0),
	(2, 10, 14, 2, 99.99, 1),
	(7, 8, 4, 3, 78.99, 1),
	(8, 9, 4, 1, 78.99, 1),
	(114, 75, 8, 1, 59.99, 1),
	(117, 78, 12, 4, 39.99, 1),
	(121, 82, 14, 3, 78.99, 1),
	(129, 90, 9, 6, 39.99, NULL),
	(132, 93, 9, 2, 39.99, 4),
	(133, 94, 16, 53, 59.99, 6),
	(134, 95, 16, 53, 59.99, 33),
	(135, 96, 4, 2, 78.99, 7),
	(136, 97, 23, 4, 78.99, 55),
	(137, 98, 8, 1, 59.99, 40),
	(138, 99, 11, 2, 29.99, 15),
	(139, 100, 13, 20, 19.99, NULL),
	(140, 101, 7, 1, 78.99, 1);

CREATE TABLE IF NOT EXISTS `empleados` (
  `id` int(11) NOT NULL,
  `nombre` varchar(50) NOT NULL,
  `apellidos` varchar(50) NOT NULL,
  `email` varchar(50) DEFAULT NULL,
  `rol` varchar(50) NOT NULL DEFAULT 'vendedor',
  `nombreusuario` varchar(50) NOT NULL,
  `contraseña` varchar(50) NOT NULL,
  PRIMARY KEY (`id`)
) ENGINE=InnoDB DEFAULT CHARSET=utf8mb4 COLLATE=utf8mb4_general_ci;

INSERT INTO `empleados` (`id`, `nombre`, `apellidos`, `email`, `rol`, `nombreusuario`, `contraseña`) VALUES
	(1, 'root', 'root', NULL, 'Good', 'root', 'root'),
	(2, 'Maria', 'López', 'maria.lopez@example.com', 'Manager', 'maria', 'maria123'),
	(3, 'Carlos', 'Gómez', 'carlos.gomez@example.com', 'Developer', 'carlos', 'carlos123'),
	(4, 'Ana', 'Pérez', 'ana.perez@example.com', 'HR', 'ana', 'ana123');

CREATE TABLE IF NOT EXISTS `inventario` (
  `id` int(11) NOT NULL AUTO_INCREMENT,
  `id_juego` int(11) NOT NULL DEFAULT 0,
  `stock` int(11) NOT NULL,
  `precioVenta` double NOT NULL DEFAULT 79.99,
  PRIMARY KEY (`id`),
  KEY `FK__juegos` (`id_juego`),
  CONSTRAINT `FK__juegos` FOREIGN KEY (`id_juego`) REFERENCES `juegos` (`id`) ON DELETE CASCADE ON UPDATE CASCADE
) ENGINE=InnoDB AUTO_INCREMENT=18 DEFAULT CHARSET=utf8mb4 COLLATE=utf8mb4_general_ci;

INSERT INTO `inventario` (`id`, `id_juego`, `stock`, `precioVenta`) VALUES
	(1, 7, 1, 66),
	(2, 9, 140, 39.99),
	(3, 4, 0, 60),
	(4, 11, 194, 29.99),
	(5, 12, 76, 39.99),
	(6, 13, 280, 19.99),
	(7, 14, 247, 0),
	(8, 15, 494, 0),
	(9, 16, 44, 59.99),
	(10, 17, 100, 59.99),
	(11, 18, 200, 0),
	(12, 19, 299, 0),
	(13, 20, 150, 0),
	(14, 8, 98, 59.99),
	(15, 10, 120, 49.99),
	(16, 23, 6, 40);

CREATE TABLE IF NOT EXISTS `juegos` (
  `id` int(11) NOT NULL AUTO_INCREMENT,
  `nombre` varchar(250) NOT NULL DEFAULT '0',
  `precio` varchar(20) NOT NULL DEFAULT 'Sin estipular',
  `desarrollador` varchar(250) NOT NULL,
  `genero` varchar(250) NOT NULL,
  `puntuacion` varchar(50) NOT NULL,
  `lanzamiento` varchar(50) NOT NULL,
  `descripcion` varchar(250) DEFAULT NULL,
  `capturas` varchar(10000) NOT NULL,
  `portada` varchar(1000) NOT NULL,
  PRIMARY KEY (`id`)
) ENGINE=InnoDB AUTO_INCREMENT=28 DEFAULT CHARSET=utf8mb4 COLLATE=utf8mb4_general_ci;

INSERT INTO `juegos` (`id`, `nombre`, `precio`, `desarrollador`, `genero`, `puntuacion`, `lanzamiento`, `descripcion`, `capturas`, `portada`) VALUES
	(1, 'Monster Hunter Wilds', 'Sin estipular', 'No conocido', 'Action', '0', '2025-02-28', NULL, 'https://media.rawg.io/media/games/91b/91b4edd8fecf88b2b5ca0752321382ee.jpg', 'https://media.rawg.io/media/games/91b/91b4edd8fecf88b2b5ca0752321382ee.jpg'),
	(2, 'Split Fiction', 'Sin estipular', 'No conocido', 'Adventure, Action', '0', '2025-03-06', 'Capturas del Juego', 'https://media.rawg.io/media/games/02a/02ac22b3b90717dabaa535640c38534c.jpg, https://media.rawg.io/media/screenshots/dc1/dc10dd68a2e7472b7ed40feda3a16c54.jpg, https://media.rawg.io/media/screenshots/ea9/ea9e37dc1b36db3401a6b308d766198b.jpg, https://media.rawg.io/media/screenshots/e4b/e4bee3c261abe04f869b6f429852a00d.jpg, https://media.rawg.io/media/screenshots/395/395fdacce19c05718a7df69a227c8580.jpg, https://media.rawg.io/media/screenshots/640/640ae66a49a93b16ba5d2537e78b75c1.jpg, https://media.rawg.io/media/screenshots/f5a/f5a69af83f67e75cb404b2dd334e2197.jpg', 'https://media.rawg.io/media/games/02a/02ac22b3b90717dabaa535640c38534c.jpg'),
	(3, 'Wanderstop', 'Sin estipular', 'No conocido', 'Adventure', '0', '2025-03-11', 'Capturas del Juego', 'https://media.rawg.io/media/games/bdd/bdd27a940c8a09e68044689fa856884d.jpg', 'https://media.rawg.io/media/games/bdd/bdd27a940c8a09e68044689fa856884d.jpg'),
	(4, 'Felvidek', 'Sin estipular', 'No conocido', 'Indie, RPG', '4,64', '2024-03-28', 'Capturas del Juego', 'https://media.rawg.io/media/games/231/231dc8be41d7b527c1d3c0c50ff62852.jpg, https://media.rawg.io/media/screenshots/323/323b2117e785be503042e2b3029fe3eb.jpg, https://media.rawg.io/media/screenshots/af9/af9d5213446d37a205812d58cf15c2b5.jpg, https://media.rawg.io/media/screenshots/e3b/e3bb8ea07824bc6148ce4ea7d5c76e04.jpg, https://media.rawg.io/media/screenshots/496/496f45c554e7dce66894ec0843e6c55a.jpg, https://media.rawg.io/media/screenshots/6e6/6e6d5d04f82e1159481c667e50c3ceb7.jpg, https://media.rawg.io/media/screenshots/054/0548fd69c00278e9f2a50bae7b1cb1a9.jpg', 'https://media.rawg.io/media/games/231/231dc8be41d7b527c1d3c0c50ff62852.jpg'),
	(5, 'Winter Memories', 'Sin estipular', 'No conocido', 'Casual, Adventure, RPG, Simulation', '4,83', '2024-01-05', 'Capturas del Juego', 'https://media.rawg.io/media/screenshots/326/326267a294202a9d93e55879a6f61d48.jpg, https://media.rawg.io/media/screenshots/491/491dd2cbacc142ae901d1bda3d458ba2.jpg, https://media.rawg.io/media/screenshots/ab8/ab888d25e7219795fd036e05288e20aa.jpg, https://media.rawg.io/media/screenshots/2fc/2fcb186c2587eef3b6498472c659d1b8.jpg, https://media.rawg.io/media/screenshots/22b/22bad148e80732be27db151f30703e56.jpg, https://media.rawg.io/media/screenshots/326/326267a294202a9d93e55879a6f61d48.jpg', 'https://media.rawg.io/media/screenshots/326/326267a294202a9d93e55879a6f61d48.jpg'),
	(6, 'Assassin\'s Creed Shadows', 'Sin estipular', 'No conocido', 'Adventure, Action', '3', '2025-03-20', 'Capturas del Juego', 'https://media.rawg.io/media/games/526/526881e0f5f8c1550e51df3801f96ea3.jpg, https://media.rawg.io/media/screenshots/b9c/b9c6546ce1488f918e6373073d800fa7.jpg, https://media.rawg.io/media/screenshots/801/801c5b2489abedcddf4acd94da35daaf.jpg, https://media.rawg.io/media/screenshots/b9c/b9ce924c7bfdbdc45793554a56932f36.jpg, https://media.rawg.io/media/screenshots/0f7/0f7bb8958b46684d773c75d26008d800.jpg, https://media.rawg.io/media/screenshots/aeb/aeb5d332cea63b7037543bd30d6da14e.jpg, https://media.rawg.io/media/screenshots/80d/80d237e149c2c7cc96da096adb78292f.jpg', 'https://media.rawg.io/media/games/526/526881e0f5f8c1550e51df3801f96ea3.jpg'),
	(7, 'Elden Ring: Shadow of the Erdtree', 'Sin estipular', 'No conocido', 'Action, RPG', '4,63', '2024-06-21', 'Capturas del Juego', 'https://media.rawg.io/media/screenshots/0ba/0bae7160eedc1f7d85a8d2db70cf1ec9.jpg, https://media.rawg.io/media/screenshots/ba6/ba6675855ee539784357aed3ca095ce2.jpg, https://media.rawg.io/media/screenshots/bb9/bb9498e278d38066f35128600ead5d38.jpg, https://media.rawg.io/media/screenshots/88b/88b67b29b5349ce78a6bf9b0d2486125.jpg, https://media.rawg.io/media/screenshots/abd/abdd2a301e6156406aef61430a28c0a9_myeMjlP.jpg, https://media.rawg.io/media/screenshots/394/394afcdcc64eff27002f7bc2383c2ade.jpg, https://media.rawg.io/media/screenshots/cb2/cb27a3f806860ac667e6edf9a1f8dd1d.jpg', 'https://media.rawg.io/media/screenshots/0ba/0bae7160eedc1f7d85a8d2db70cf1ec9.jpg'),
	(8, 'Cyberpunk 2077', '59.99', 'CD Projekt Red', 'RPG', '85', '2020-12-10', 'Un juego de rol futurista ambientado en una ciudad abierta con un enfoque en el cyberpunk.', 'https://media.rawg.io/media/games/cb9/cb9c33c9b93c5e4ad1bc0a3192f39e33.jpg', 'https://media.rawg.io/media/games/cb9/cb9c33c9b93c5e4ad1bc0a3192f39e33.jpg'),
	(9, 'The Witcher 3: Wild Hunt', '39.99', 'CD Projekt Red', 'RPG', '93', '2015-05-19', 'Un juego de rol de mundo abierto donde los jugadores controlan al cazador de monstruos Geralt de Rivia.', 'https://media.rawg.io/media/games/f2a/f2a1f98253592a32e5e9d6db4cbbd2d3.jpg', 'https://media.rawg.io/media/games/f2a/f2a1f98253592a32e5e9d6db4cbbd2d3.jpg'),
	(10, 'Red Dead Redemption 2', '49.99', 'Rockstar Games', 'Acción', '94', '2018-10-26', 'Juego de acción en un mundo abierto ambientado en el viejo oeste americano.', 'https://media.rawg.io/media/games/5de/5de6e3b122e1c682cc5c9d09c92ae703.jpg', 'https://media.rawg.io/media/games/5de/5de6e3b122e1c682cc5c9d09c92ae703.jpg'),
	(11, 'Grand Theft Auto V', '29.99', 'Rockstar Games', 'Acción', '92', '2013-09-17', 'Juego de acción de mundo abierto que permite realizar diversas actividades en la ciudad ficticia de Los Santos.', 'https://media.rawg.io/media/games/da3/da35c96ff37511b209460f953ee10607.jpg', 'https://media.rawg.io/media/games/da3/da35c96ff37511b209460f953ee10607.jpg'),
	(12, 'Horizon Zero Dawn', '39.99', 'Guerrilla Games', 'Acción', '89', '2017-02-28', 'Un juego de acción y aventuras ambientado en un mundo post-apocalíptico dominado por criaturas mecánicas.', 'https://media.rawg.io/media/games/ef4/ef4207bcf4620634e5c06f42c50fcf27.jpg', 'https://media.rawg.io/media/games/ef4/ef4207bcf4620634e5c06f42c50fcf27.jpg'),
	(13, 'Minecraft', '19.99', 'Mojang', 'Sandbox', '93', '2011-11-18', 'Un juego de construcción y supervivencia en un mundo abierto, donde los jugadores pueden explorar, construir y combatir.', 'https://media.rawg.io/media/games/52e/52e90735e7e1489aeea0d8da3c0f93c0.jpg', 'https://media.rawg.io/media/games/52e/52e90735e7e1489aeea0d8da3c0f93c0.jpg'),
	(14, 'Fortnite', 'Gratis', 'Epic Games', 'Battle Royale', '84', '2017-07-25', 'Un juego de supervivencia multijugador donde los jugadores luchan hasta que solo quede uno.', 'https://media.rawg.io/media/games/0a1/0a1c21f37b71b01907de750bda6fbb68.jpg', 'https://media.rawg.io/media/games/0a1/0a1c21f37b71b01907de750bda6fbb68.jpg'),
	(15, 'League of Legends', 'Gratis', 'Riot Games', 'MOBA', '87', '2009-10-27', 'Un juego multijugador en línea de batalla en equipo en el que dos equipos de cinco jugadores compiten entre sí.', 'https://media.rawg.io/media/games/617/617fe170c2bc2320c7b7f16815f421c9.jpg', 'https://media.rawg.io/media/games/617/617fe170c2bc2320c7b7f16815f421c9.jpg'),
	(16, 'FIFA 21', '59.99', 'EA Sports', 'Deportes', '83', '2020-10-09', 'Un juego de simulación de fútbol con equipos de todo el mundo, enfocado en realismo y jugabilidad.', 'https://media.rawg.io/media/games/2a7/2a72e0c2abed1efed58594f87e358f1e.jpg', 'https://media.rawg.io/media/games/2a7/2a72e0c2abed1efed58594f87e358f1e.jpg'),
	(17, 'The Legend of Zelda: Breath of the Wild', '59.99', 'Nintendo', 'Aventura', '97', '2017-03-03', 'Un juego de acción y aventuras de mundo abierto en el que el jugador controla a Link en su misión para salvar el reino de Hyrule.', 'https://media.rawg.io/media/games/8be/8be69e16095cb2926f55ecdb8e5c97ca.jpg', 'https://media.rawg.io/media/games/8be/8be69e16095cb2926f55ecdb8e5c97ca.jpg'),
	(18, 'Call of Duty: Warzone', 'Gratis', 'Infinity Ward', 'Battle Royale', '81', '2020-03-10', 'Un juego de battle royale dentro de la franquicia Call of Duty con combates intensos en un mapa de gran tamaño.', 'https://media.rawg.io/media/games/4cc/4cc3949bcf509cb1d5ec71c4656c5c8d.jpg', 'https://media.rawg.io/media/games/4cc/4cc3949bcf509cb1d5ec71c4656c5c8d.jpg'),
	(19, 'Valorant', 'Gratis', 'Riot Games', 'Shooter', '83', '2020-06-02', 'Un juego de disparos táctico en equipos, donde dos equipos se enfrentan en rondas de ataques y defensa.', 'https://media.rawg.io/media/games/2d7/2d7c0d1ea3c8c98d0a32c1c3e1c7632f.jpg', 'https://media.rawg.io/media/games/2d7/2d7c0d1ea3c8c98d0a32c1c3e1c7632f.jpg'),
	(20, 'Among Us', 'Gratis', 'Innersloth', 'Party', '80', '2018-11-16', 'Un juego multijugador de deducción social en el que los jugadores deben descubrir quién es el impostor.', 'https://media.rawg.io/media/games/ea1/ea1f4a24acbce1b741d34b3c450b0570.jpg', 'https://media.rawg.io/media/games/ea1/ea1f4a24acbce1b741d34b3c450b0570.jpg'),
	(21, 'Wanderstop', 'Sin estipular', 'No conocido', 'Adventure', '0', '2025-03-11', 'Capturas del Juego', 'https://media.rawg.io/media/games/bdd/bdd27a940c8a09e68044689fa856884d.jpg', 'https://media.rawg.io/media/games/bdd/bdd27a940c8a09e68044689fa856884d.jpg'),
	(22, 'Out of the Park Baseball 26', 'Sin estipular', 'No conocido', 'Strategy, Indie, Simulation, Sports', '0', '2025-03-14', 'Capturas del Juego', 'https://media.rawg.io/media/screenshots/71f/71fff5b062581f415af951a5979f0ce8.jpg, https://media.rawg.io/media/screenshots/71f/71fff5b062581f415af951a5979f0ce8.jpg', 'https://media.rawg.io/media/screenshots/71f/71fff5b062581f415af951a5979f0ce8.jpg'),
	(23, 'Astro Bot', 'Sin estipular', 'No conocido', 'Platformer, Action', '4,46', '2024-09-06', 'Capturas del Juego', 'https://media.rawg.io/media/games/b19/b19cdd6be95ffffd63fdd2d1fbac057a.jpg', 'https://media.rawg.io/media/games/b19/b19cdd6be95ffffd63fdd2d1fbac057a.jpg'),
	(24, 'Wanderstop', 'Sin estipular', 'No conocido', 'Adventure', '0', '2025-03-11', 'Capturas del Juego', 'https://media.rawg.io/media/games/bdd/bdd27a940c8a09e68044689fa856884d.jpg', 'https://media.rawg.io/media/games/bdd/bdd27a940c8a09e68044689fa856884d.jpg'),
	(25, 'Out of the Park Baseball 26', 'Sin estipular', 'No conocido', 'Strategy, Indie, Simulation, Sports', '0', '2025-03-14', 'Capturas del Juego', 'https://media.rawg.io/media/screenshots/71f/71fff5b062581f415af951a5979f0ce8.jpg, https://media.rawg.io/media/screenshots/71f/71fff5b062581f415af951a5979f0ce8.jpg', 'https://media.rawg.io/media/screenshots/71f/71fff5b062581f415af951a5979f0ce8.jpg'),
	(26, 'Grand Ages: Medieval', 'Sin estipular', 'No conocido', 'Strategy, RPG, Simulation', '2,83', '2015-09-24', 'Capturas del Juego', 'https://media.rawg.io/media/screenshots/936/936fb3bc45c61b713dd5b646ddb91aa5.jpg, https://media.rawg.io/media/screenshots/cee/cee9adc2ea909910350e4db3315d88fd.jpg, https://media.rawg.io/media/screenshots/0f2/0f272ee5cfc654d769f538ff06ffab11.jpg, https://media.rawg.io/media/screenshots/cf8/cf81fed6d59b04b2126d186f03d8ade1.jpg, https://media.rawg.io/media/screenshots/208/208f6b9f483ac1f3a2dd50be7f04b39a.jpg, https://media.rawg.io/media/screenshots/8d0/8d0e1c88850b735bbf75226158e2b1e8.jpg, https://media.rawg.io/media/screenshots/b4d/b4d8151143c8a3a18de09f3dc41afd07.jpg', 'https://media.rawg.io/media/screenshots/936/936fb3bc45c61b713dd5b646ddb91aa5.jpg'),
	(27, 'Grand Theft Auto IV', 'Sin estipular', 'No conocido', 'Action', '4,26', '2008-04-29', 'Capturas del Juego', 'https://media.rawg.io/media/games/4a0/4a0a1316102366260e6f38fd2a9cfdce.jpg, https://media.rawg.io/media/screenshots/07f/07f7cf80741ff306e4eca982c3e64ac8.jpg, https://media.rawg.io/media/screenshots/fef/fefd51ec13aa33acbd796ef79bcef7cb.jpg, https://media.rawg.io/media/screenshots/b78/b78ffd258d5793be704c380e572748bc.jpg, https://media.rawg.io/media/screenshots/17c/17c85ab9dfc4fda8e1e5ba72932ef2bf.jpg, https://media.rawg.io/media/screenshots/a12/a12ca99cc74c1e7eba7100b0891dd1e0.jpg, https://media.rawg.io/media/screenshots/b25/b254f9729ae3f36a9ccffccaa01d5cf6.jpg', 'https://media.rawg.io/media/games/4a0/4a0a1316102366260e6f38fd2a9cfdce.jpg');

CREATE TABLE IF NOT EXISTS `ventas` (
  `id` int(11) NOT NULL AUTO_INCREMENT,
  `fecha` datetime NOT NULL DEFAULT current_timestamp(),
  `importe` double NOT NULL,
  `id_empleado` int(11) NOT NULL,
  PRIMARY KEY (`id`),
  KEY `FK_ventas_empleados` (`id_empleado`),
  CONSTRAINT `FK_ventas_empleados` FOREIGN KEY (`id_empleado`) REFERENCES `empleados` (`id`) ON DELETE CASCADE ON UPDATE CASCADE
) ENGINE=InnoDB AUTO_INCREMENT=102 DEFAULT CHARSET=utf8mb4 COLLATE=utf8mb4_general_ci;

INSERT INTO `ventas` (`id`, `fecha`, `importe`, `id_empleado`) VALUES
	(8, '2025-03-07 17:33:42', 236.96999999999997, 3),
	(9, '2025-03-08 02:38:18', 78.99, 1),
	(10, '2025-03-08 02:38:35', 236.96999999999997, 2),
	(11, '2025-03-01 10:15:00', 120.5, 1),
	(12, '2025-03-01 14:30:00', 85, 1),
	(13, '2025-03-02 09:45:00', 95.75, 1),
	(14, '2025-03-02 16:10:00', 130.2, 1),
	(15, '2025-03-03 11:00:00', 110, 1),
	(16, '2025-03-03 18:25:00', 77.5, 1),
	(17, '2025-03-04 12:30:00', 150.3, 1),
	(18, '2025-03-04 17:40:00', 90.25, 1),
	(19, '2025-03-05 08:15:00', 200.75, 1),
	(22, '2025-03-06 15:45:00', 120.8, 1),
	(23, '2025-03-07 11:10:00', 95.6, 1),
	(24, '2025-03-07 16:55:00', 140.5, 1),
	(25, '2025-03-08 10:00:00', 180.25, 1),
	(26, '2025-03-08 13:20:00', 130.75, 1),
	(27, '2025-03-09 09:50:00', 85, 1),
	(28, '2025-03-09 17:30:00', 115.6, 1),
	(29, '2025-03-10 12:00:00', 200.1, 1),
	(30, '2025-03-10 14:45:00', 145.2, 1),
	(31, '2025-03-11 08:40:00', 175.9, 1),
	(32, '2025-03-11 18:15:00', 95.3, 1),
	(33, '2025-03-12 11:35:00', 220.5, 1),
	(34, '2025-03-12 16:25:00', 135.4, 1),
	(35, '2025-03-13 10:50:00', 195, 1),
	(36, '2025-03-13 14:15:00', 155.75, 1),
	(37, '2025-03-14 09:20:00', 80.3, 1),
	(38, '2025-03-14 19:00:00', 140.2, 1),
	(39, '2025-03-15 08:10:00', 160.5, 1),
	(40, '2025-03-15 17:55:00', 120.9, 2),
	(41, '2025-03-16 12:20:00', 90.4, 1),
	(42, '2025-03-16 15:10:00', 190.6, 1),
	(43, '2025-03-17 11:30:00', 135.8, 1),
	(46, '2025-03-18 14:30:00', 125.4, 1),
	(47, '2025-03-19 10:55:00', 175.3, 1),
	(48, '2025-03-19 13:45:00', 195.5, 1),
	(49, '2025-03-20 08:25:00', 145.8, 1),
	(50, '2025-03-20 16:35:00', 180.9, 1),
	(51, '2025-03-21 09:50:00', 130.2, 1),
	(52, '2025-03-21 18:15:00', 175.6, 4),
	(53, '2025-03-22 11:20:00', 85.9, 1),
	(54, '2025-03-22 15:30:00', 205.75, 1),
	(55, '2025-03-23 09:40:00', 195.2, 1),
	(56, '2025-03-23 17:50:00', 150.3, 1),
	(57, '2025-03-24 08:15:00', 180, 1),
	(58, '2025-03-24 19:10:00', 135.5, 1),
	(59, '2025-03-25 10:30:00', 200.4, 1),
	(60, '2025-03-25 14:20:00', 145.25, 1),
	(61, '2025-03-26 08:50:00', 170.6, 1),
	(62, '2025-03-26 16:10:00', 195.9, 1),
	(63, '2025-03-27 09:15:00', 210.3, 1),
	(64, '2025-03-27 13:55:00', 190.75, 1),
	(65, '2025-03-28 12:25:00', 125.8, 1),
	(66, '2025-03-28 17:05:00', 220.4, 1),
	(67, '2025-03-29 11:45:00', 180.5, 1),
	(68, '2025-03-29 15:20:00', 140.9, 1),
	(69, '2025-03-30 08:35:00', 160.7, 1),
	(70, '2025-03-30 18:55:00', 130.4, 1),
	(71, '2025-03-31 09:20:00', 200.9, 1),
	(72, '2025-03-31 16:40:00', 175.3, 1),
	(73, '2025-03-09 11:55:41', 7.998, 1),
	(74, '2025-03-09 11:58:11', 157.98, 1),
	(75, '2025-03-09 12:06:18', 5.999, 1),
	(76, '2025-03-09 12:07:15', 78.99, 1),
	(77, '2025-03-09 12:08:37', 119.96, 1),
	(78, '2025-03-09 12:09:18', 15.996, 1),
	(79, '2025-03-09 12:26:55', 315.96, 3),
	(82, '2025-03-09 12:31:58', 236.96999999999997, 1),
	(90, '2025-03-09 13:03:52', 23.994, 1),
	(93, '2025-03-09 13:18:01', 7.998, 1),
	(94, '2025-03-09 13:21:34', 31.7947, 1),
	(95, '2025-03-09 13:21:41', 31.7947, 1),
	(96, '2025-03-09 13:45:00', 157.98, 1),
	(97, '2025-03-09 14:09:37', 315.96, 1),
	(98, '2025-03-10 11:59:08', 59.99, 1),
	(99, '2025-03-10 14:51:12', 59.98, 1),
	(100, '2025-03-10 16:40:37', 3.998, 1),
	(101, '2025-03-10 18:57:09', 78.99, 1);

/*!40103 SET TIME_ZONE=IFNULL(@OLD_TIME_ZONE, 'system') */;
/*!40101 SET SQL_MODE=IFNULL(@OLD_SQL_MODE, '') */;
/*!40014 SET FOREIGN_KEY_CHECKS=IFNULL(@OLD_FOREIGN_KEY_CHECKS, 1) */;
/*!40101 SET CHARACTER_SET_CLIENT=@OLD_CHARACTER_SET_CLIENT */;
/*!40111 SET SQL_NOTES=IFNULL(@OLD_SQL_NOTES, 1) */;
